id,post_id,user_id,viewed_at
18,631,114,2024-01-10 07:20:55
19,626,114,2024-01-10 07:21:18
20,571,114,2024-01-10 07:22:02
22,558,116,2024-01-10 12:33:47
23,551,116,2024-01-10 12:33:55
24,560,116,2024-01-10 12:34:06
25,588,116,2024-01-10 12:34:47
32,473,44,2024-01-11 18:32:10
34,633,44,2024-01-11 18:33:51
35,67,44,2024-01-11 18:38:57
36,66,44,2024-01-11 18:39:15
37,65,44,2024-01-11 18:39:33
38,64,44,2024-01-11 18:39:45
39,63,44,2024-01-11 18:39:58
40,151,47,2024-01-11 19:02:05
41,161,47,2024-01-11 19:02:19
42,415,47,2024-01-11 19:02:34
43,583,118,2024-01-11 19:28:22
44,556,118,2024-01-11 19:28:37
45,151,118,2024-01-11 19:28:57
47,159,47,2024-01-11 21:41:35
48,143,47,2024-01-11 21:41:53
49,512,47,2024-01-11 21:42:07
59,151,119,2024-01-12 15:42:21
61,629,119,2024-01-12 15:42:59
62,586,120,2024-01-12 18:39:01
63,151,120,2024-01-12 18:39:28
64,448,44,2024-01-12 20:30:02
65,447,44,2024-01-12 20:30:38
66,446,44,2024-01-12 20:31:10
67,631,44,2024-01-12 20:31:37
69,634,44,2024-01-12 20:32:12
70,540,47,2024-01-13 00:25:18
71,155,47,2024-01-13 00:25:39
72,150,47,2024-01-13 00:25:59
92,151,121,2024-01-13 12:25:02
93,627,121,2024-01-13 12:25:13
113,560,123,2024-01-15 06:18:43
114,583,123,2024-01-15 06:18:59
115,151,123,2024-01-15 06:19:27
116,151,124,2024-01-15 13:18:20
130,583,125,2024-01-16 07:48:23
132,586,126,2024-01-16 10:07:08
133,583,126,2024-01-16 10:07:29
134,548,126,2024-01-16 10:07:48
148,631,127,2024-01-16 14:18:27
149,588,127,2024-01-16 14:18:34
150,151,127,2024-01-16 14:18:45
151,629,127,2024-01-16 14:18:57
171,151,128,2024-01-16 17:48:51
181,626,130,2024-01-17 21:29:28
182,617,130,2024-01-17 21:30:04
183,590,131,2024-01-17 22:51:45
195,86,47,2024-01-19 15:15:59
196,560,47,2024-01-19 16:41:22
197,31,47,2024-01-19 16:41:33
198,154,47,2024-01-19 16:42:20
199,558,47,2024-01-19 16:42:39
200,548,47,2024-01-19 16:42:49
201,549,47,2024-01-19 16:43:05
202,499,47,2024-01-19 16:44:39
203,142,47,2024-01-19 16:44:55
204,151,68,2024-01-19 23:54:23
262,496,136,2024-01-22 09:27:49
263,633,136,2024-01-22 09:27:58
264,81,136,2024-01-22 09:28:16
290,19,47,2024-01-25 18:28:37
304,513,44,2024-01-27 16:14:51
314,151,141,2024-01-29 14:39:47
315,415,141,2024-01-29 14:40:49
323,516,47,2024-01-29 22:45:37
324,546,47,2024-01-30 03:15:37
326,633,47,2024-01-30 06:35:43
327,513,47,2024-01-30 06:36:06
328,148,47,2024-01-30 06:36:29
329,52,47,2024-01-30 06:36:44
330,461,47,2024-01-30 06:37:03
331,33,47,2024-01-30 06:37:24
332,487,47,2024-01-30 08:31:22
335,462,142,2024-01-30 14:14:04
370,583,47,2024-02-02 15:44:21
375,160,47,2024-02-05 22:41:26
376,469,47,2024-02-05 22:41:42
377,158,47,2024-02-06 06:52:31
381,629,47,2024-02-06 20:16:39
382,518,47,2024-02-06 20:17:24
383,517,47,2024-02-06 20:17:52
384,432,47,2024-02-06 20:19:23
385,412,47,2024-02-06 20:19:48
386,387,47,2024-02-06 20:20:09
387,379,47,2024-02-06 20:20:27
388,377,47,2024-02-06 20:20:40
389,453,47,2024-02-06 20:22:36
390,496,47,2024-02-06 20:25:21
391,468,47,2024-02-06 20:25:49
392,462,47,2024-02-06 20:26:04
393,456,47,2024-02-06 20:26:19
394,452,47,2024-02-06 20:26:29
395,436,47,2024-02-06 20:26:58
396,430,47,2024-02-06 20:27:29
397,423,47,2024-02-06 20:28:04
398,414,47,2024-02-06 20:28:39
399,413,47,2024-02-06 20:28:44
400,390,47,2024-02-06 20:28:59
401,386,47,2024-02-06 20:29:31
402,364,47,2024-02-06 20:30:05
403,363,47,2024-02-06 20:30:45
404,252,47,2024-02-06 20:31:01
405,213,47,2024-02-06 20:31:28
406,212,47,2024-02-06 20:31:36
407,211,47,2024-02-06 20:31:44
408,422,47,2024-02-07 01:34:41
409,459,26,2024-02-07 01:41:37
410,458,26,2024-02-07 01:41:43
411,617,26,2024-02-07 01:41:48
412,151,26,2024-02-07 15:50:25
413,415,26,2024-02-07 15:51:11
418,551,47,2024-02-08 00:27:15
419,558,26,2024-02-08 00:44:37
420,635,26,2024-02-08 00:44:54
421,634,26,2024-02-08 00:45:21
422,633,26,2024-02-08 00:45:25
423,491,47,2024-02-08 04:30:07
424,152,47,2024-02-08 04:30:19
425,14,47,2024-02-08 04:30:24
426,159,26,2024-02-08 06:41:50
427,540,26,2024-02-08 06:42:09
434,161,26,2024-02-08 14:35:51
435,588,47,2024-02-09 04:16:48
436,58,47,2024-02-09 04:17:05
437,163,47,2024-02-09 04:17:28
438,164,47,2024-02-09 04:18:04
440,427,47,2024-02-09 04:19:50
441,153,47,2024-02-09 17:02:09
442,426,47,2024-02-09 17:02:18
443,60,47,2024-02-09 17:02:33
444,64,47,2024-02-09 17:03:29
455,583,26,2024-02-10 15:53:44
456,578,26,2024-02-10 15:59:31
457,611,26,2024-02-10 16:00:29
458,609,26,2024-02-10 16:00:37
464,394,26,2024-03-06 14:05:37
465,393,26,2024-03-06 14:05:52
466,392,26,2024-03-06 14:05:59
467,160,26,2024-03-06 14:08:39
471,82,16,2024-03-07 12:59:44
472,81,26,2024-03-07 13:34:55
482,151,151,2024-03-09 04:42:58
483,415,151,2024-03-09 04:43:43
484,161,151,2024-03-09 04:43:47
485,159,151,2024-03-09 04:44:02
486,143,151,2024-03-09 04:44:56
487,560,151,2024-03-09 04:45:04
488,33,151,2024-03-09 04:45:24
489,531,151,2024-03-09 04:45:53
490,633,151,2024-03-09 04:46:04
534,151,36,2024-03-13 17:25:45
535,86,151,2024-03-14 12:14:18
576,81,151,2024-03-15 04:38:42
585,633,149,2024-03-15 11:23:16
587,151,155,2024-03-15 12:33:44
588,415,155,2024-03-15 12:33:55
589,633,155,2024-03-15 12:35:25
590,631,155,2024-03-15 12:35:31
591,629,155,2024-03-15 12:35:41
592,590,155,2024-03-15 12:35:50
593,588,155,2024-03-15 12:36:03
594,586,155,2024-03-15 12:36:16
595,583,155,2024-03-15 12:37:11
596,563,155,2024-03-15 12:37:58
597,558,155,2024-03-15 12:38:10
598,161,155,2024-03-15 12:38:25
599,159,155,2024-03-15 12:38:40
600,143,155,2024-03-15 12:38:59
601,540,155,2024-03-15 12:39:19
602,560,155,2024-03-15 12:39:22
603,512,155,2024-03-15 12:39:27
604,33,155,2024-03-15 12:39:38
605,31,155,2024-03-15 12:39:46
606,142,155,2024-03-15 12:40:02
607,549,153,2024-03-15 13:17:49
609,151,149,2024-03-15 18:05:16
610,540,149,2024-03-15 18:08:45
611,560,149,2024-03-15 18:10:05
612,411,149,2024-03-16 03:32:38
623,635,156,2024-03-16 07:13:19
624,86,155,2024-03-16 14:23:34
626,154,155,2024-03-17 02:48:11
627,158,155,2024-03-17 02:48:25
628,19,155,2024-03-17 02:49:53
629,155,155,2024-03-17 02:51:06
630,150,155,2024-03-17 02:51:28
631,160,155,2024-03-17 02:51:43
632,513,155,2024-03-17 02:52:13
633,173,155,2024-03-17 02:52:23
634,148,155,2024-03-17 02:52:27
635,151,154,2024-03-17 13:38:06
637,151,148,2024-03-18 02:27:46
651,52,155,2024-03-18 05:07:34
652,153,155,2024-03-18 05:07:37
666,453,147,2024-03-19 04:07:10
688,422,161,2024-03-20 06:11:02
738,151,162,2024-03-20 14:55:24
755,151,163,2024-03-21 05:59:37
756,629,163,2024-03-21 06:00:01
757,627,163,2024-03-21 06:00:10
783,516,155,2024-03-22 01:53:30
784,551,155,2024-03-22 01:53:48
785,161,149,2024-03-22 03:46:24
786,154,149,2024-03-22 03:47:30
787,33,149,2024-03-22 03:47:36
789,563,164,2024-03-22 08:31:16
790,151,164,2024-03-22 08:31:40
797,393,165,2024-03-22 13:00:01
798,391,165,2024-03-22 13:00:09
844,151,166,2024-03-23 21:09:54
845,415,166,2024-03-23 21:10:02
847,467,53,2024-03-24 07:41:21
848,466,53,2024-03-24 07:42:14
863,193,148,2024-03-25 13:44:49
882,151,167,2024-03-26 02:38:19
883,415,167,2024-03-26 02:41:00
884,161,167,2024-03-26 02:42:08
885,86,167,2024-03-26 02:42:22
886,143,167,2024-03-26 02:42:46
889,560,167,2024-03-26 02:53:29
890,159,167,2024-03-26 02:53:36
891,512,167,2024-03-26 02:53:49
892,31,167,2024-03-26 02:54:35
893,142,167,2024-03-26 02:54:40
903,609,168,2024-03-26 12:47:59
904,626,169,2024-03-26 14:11:55
905,540,167,2024-03-26 14:49:22
906,151,170,2024-03-26 22:49:27
907,86,170,2024-03-26 22:51:17
908,560,170,2024-03-26 22:51:56
915,33,167,2024-03-27 17:21:38
916,154,167,2024-03-27 17:22:04
917,155,167,2024-03-27 17:22:18
918,19,167,2024-03-27 17:22:36
919,438,172,2024-03-27 18:11:10
920,437,172,2024-03-27 18:11:31
921,193,172,2024-03-27 18:32:24
922,191,172,2024-03-27 18:32:31
923,189,172,2024-03-27 18:33:00
924,186,172,2024-03-27 18:33:35
925,454,172,2024-03-27 18:33:59
926,453,172,2024-03-27 18:34:02
927,451,172,2024-03-27 18:34:20
934,397,173,2024-03-28 07:36:49
935,52,167,2024-03-28 14:34:38
936,158,167,2024-03-28 14:34:47
937,150,167,2024-03-28 14:35:07
938,516,167,2024-03-28 14:35:23
940,159,174,2024-03-28 17:27:36
941,560,174,2024-03-28 17:27:47
942,161,174,2024-03-28 17:28:29
943,151,174,2024-03-28 17:28:37
944,142,174,2024-03-28 17:29:11
945,633,167,2024-03-28 20:51:49
946,551,167,2024-03-28 20:52:39
947,160,167,2024-03-28 20:52:47
948,546,167,2024-03-28 20:52:58
949,259,172,2024-03-28 22:45:31
950,626,172,2024-03-28 22:45:36
951,258,172,2024-03-28 22:45:48
966,38,155,2024-03-29 13:13:11
988,655,175,2024-03-29 19:18:46
989,656,175,2024-03-29 19:19:14
990,159,175,2024-03-29 19:19:52
991,560,175,2024-03-29 19:20:00
992,161,175,2024-03-29 19:20:15
1011,40,167,2024-03-30 01:52:44
1012,629,167,2024-03-30 01:53:08
1013,590,167,2024-03-30 01:53:19
1014,513,167,2024-03-30 02:24:30
1015,148,167,2024-03-30 02:24:45
1016,583,167,2024-03-30 02:25:07
1017,173,167,2024-03-30 02:25:22
1018,153,167,2024-03-30 02:25:33
1019,461,167,2024-03-30 02:25:45
1020,38,167,2024-03-30 02:25:55
1021,143,175,2024-03-30 07:14:24
1033,551,176,2024-03-30 13:02:37
1034,549,176,2024-03-30 13:02:41
1035,660,176,2024-03-30 13:02:49
1036,659,176,2024-03-30 13:02:52
1044,460,176,2024-03-31 11:55:12
1050,82,167,2024-03-31 19:36:01
1054,39,167,2024-03-31 19:37:39
1055,14,167,2024-03-31 19:38:02
1099,159,177,2024-04-02 04:22:44
1109,159,170,2024-04-02 10:01:24
1146,159,178,2024-04-02 19:49:40
1147,560,178,2024-04-02 19:51:50
1148,697,178,2024-04-02 19:52:48
1149,151,178,2024-04-02 19:52:55
1175,373,179,2024-04-03 13:13:56
1233,516,160,2024-04-03 16:45:46
1234,558,175,2024-04-03 17:38:57
1241,143,170,2024-04-03 20:44:11
1245,634,180,2024-04-04 05:11:45
1246,459,180,2024-04-04 05:11:57
1273,558,160,2024-04-04 13:56:04
1274,19,160,2024-04-04 13:56:08
1275,60,160,2024-04-04 13:56:16
1276,560,160,2024-04-04 13:56:19
1390,558,167,2024-04-05 02:12:10
1393,36,179,2024-04-05 05:05:26
1394,31,179,2024-04-05 05:05:33
1395,151,181,2024-04-05 16:50:52
1408,648,182,2024-04-05 17:48:33
1409,81,182,2024-04-05 17:48:57
1410,452,182,2024-04-05 17:49:09
1411,655,182,2024-04-05 17:49:18
1412,654,182,2024-04-05 17:49:55
1413,635,182,2024-04-05 17:50:29
1414,510,183,2024-04-05 17:50:56
1420,609,183,2024-04-05 18:43:23
1421,608,183,2024-04-05 18:43:30
1422,607,183,2024-04-05 18:43:36
1423,56,47,2024-04-05 18:43:58
1425,404,39,2024-04-05 20:27:48
1426,784,39,2024-04-05 20:32:03
1433,784,182,2024-04-08 06:58:54
1434,159,173,2024-04-08 09:45:31
1435,36,167,2024-04-08 11:34:55
1436,436,167,2024-04-08 11:35:10
1437,60,167,2024-04-08 11:35:28
1438,56,167,2024-04-08 11:35:48
1442,19,175,2024-04-09 05:01:42
1456,159,184,2024-04-09 11:09:53
1457,560,184,2024-04-09 11:10:43
1458,161,184,2024-04-09 11:10:55
1459,143,184,2024-04-09 11:11:10
1460,151,184,2024-04-09 11:11:35
1461,33,184,2024-04-09 11:11:49
1462,415,184,2024-04-09 11:12:08
1463,540,184,2024-04-09 11:12:29
1464,86,184,2024-04-09 11:12:56
1465,40,184,2024-04-09 11:13:27
1466,52,184,2024-04-09 11:13:30
1467,558,166,2024-04-09 14:27:00
1468,19,166,2024-04-09 14:27:04
1469,36,166,2024-04-09 14:27:33
1480,784,183,2024-04-10 16:48:03
1481,36,47,2024-04-10 19:03:03
1482,38,47,2024-04-10 19:03:32
1483,15,47,2024-04-10 19:03:33
1484,16,47,2024-04-10 19:03:34
1487,16,167,2024-04-11 01:04:40
1488,845,167,2024-04-11 01:04:53
1493,722,167,2024-04-11 04:04:59
1494,724,167,2024-04-11 04:05:05
1500,623,172,2024-04-11 09:48:40
1501,36,175,2024-04-11 16:11:48
1502,867,175,2024-04-11 16:12:38
1503,841,175,2024-04-11 16:15:07
1504,33,175,2024-04-11 16:16:02
1507,898,180,2024-04-12 03:16:55
1508,884,180,2024-04-12 03:17:18
1509,880,180,2024-04-12 03:17:29
1510,626,180,2024-04-12 03:54:18
1511,81,180,2024-04-12 03:54:40
1512,635,180,2024-04-12 03:55:14
1513,625,180,2024-04-12 06:48:20
1514,624,180,2024-04-12 06:48:23
1515,623,180,2024-04-12 06:48:33
1516,618,180,2024-04-12 06:48:47
1531,15,149,2024-04-12 18:51:50
1532,16,149,2024-04-12 18:51:58
1533,38,149,2024-04-12 18:52:04
1534,60,149,2024-04-12 18:52:09
1535,558,149,2024-04-12 18:52:44
1536,608,180,2024-04-13 05:14:33
1556,15,155,2024-04-13 15:43:32
1557,16,155,2024-04-13 15:43:38
1558,36,155,2024-04-13 15:43:47
1559,56,155,2024-04-13 15:43:52
1560,897,180,2024-04-14 07:32:28
1561,895,180,2024-04-14 07:32:38
1564,159,185,2024-04-15 06:43:20
1565,143,185,2024-04-15 06:45:40
1566,86,185,2024-04-15 06:45:59
1569,436,185,2024-04-15 06:46:36
1570,31,185,2024-04-15 06:46:46
1580,15,185,2024-04-15 10:22:02
1672,959,149,2024-04-16 17:45:25
1673,81,149,2024-04-16 17:46:10
1682,784,186,2024-04-16 23:17:43
1687,706,148,2024-04-17 05:33:55
1688,705,148,2024-04-17 05:33:57
1744,973,188,2024-04-17 18:33:49
1745,159,188,2024-04-17 18:33:58
1748,996,189,2024-04-18 07:57:22
1778,177,149,2024-04-18 11:48:56
1779,629,149,2024-04-18 11:49:19
1780,173,149,2024-04-18 11:49:42
1781,84,149,2024-04-18 11:50:13
1782,56,149,2024-04-18 11:50:18
1783,17,149,2024-04-18 11:51:32
1784,13,149,2024-04-18 11:51:41
1893,742,191,2024-04-20 02:25:10
1894,996,191,2024-04-20 02:25:28
1898,754,39,2024-04-21 12:03:12
1899,459,39,2024-04-21 12:04:02
1901,997,192,2024-04-22 04:53:43
1902,159,192,2024-04-22 06:18:09
1903,560,192,2024-04-22 06:18:13
1904,780,192,2024-04-22 06:20:18
1905,779,192,2024-04-22 06:20:37
1907,777,192,2024-04-22 06:20:54
1908,635,192,2024-04-22 06:21:29
1909,784,192,2024-04-22 06:21:48
1910,81,192,2024-04-22 06:22:13
1911,634,192,2024-04-22 06:23:00
1912,459,192,2024-04-22 06:23:21
1913,996,192,2024-04-22 06:23:48
1914,995,192,2024-04-22 06:23:57
1915,993,192,2024-04-22 06:24:03
1916,992,192,2024-04-22 06:24:09
1917,621,192,2024-04-22 06:24:46
1918,619,192,2024-04-22 06:24:58
1919,618,192,2024-04-22 06:25:55
1920,617,192,2024-04-22 06:26:22
1921,616,192,2024-04-22 06:26:33
1922,614,192,2024-04-22 06:26:38
1923,613,192,2024-04-22 06:27:08
1924,612,192,2024-04-22 06:27:37
1925,611,192,2024-04-22 06:28:06
1926,610,192,2024-04-22 06:28:35
1927,609,192,2024-04-22 06:29:03
1929,775,193,2024-04-22 22:07:32
1930,33,194,2024-04-23 04:45:47
1931,86,194,2024-04-23 04:45:55
1932,512,194,2024-04-23 04:46:07
1941,155,149,2024-04-23 10:06:45
1958,784,195,2024-04-23 17:19:44
1959,1002,195,2024-04-23 17:20:20
1988,635,195,2024-04-24 11:24:15
2017,151,194,2024-04-25 05:10:34
2018,130,194,2024-04-25 05:10:42
2019,173,194,2024-04-25 05:11:07
2020,177,194,2024-04-25 05:11:18
2021,84,194,2024-04-25 05:11:34
2022,362,194,2024-04-25 05:11:37
2023,31,194,2024-04-25 05:13:45
2024,629,194,2024-04-25 05:13:58
2025,56,194,2024-04-25 05:14:11
2067,1052,180,2024-04-27 04:58:22
2068,1048,180,2024-04-27 04:58:37
2069,1045,180,2024-04-27 04:58:55
2070,1043,180,2024-04-27 04:59:09
2071,1042,180,2024-04-27 04:59:17
2072,1041,180,2024-04-27 04:59:23
2073,1039,180,2024-04-27 04:59:38
2078,39,170,2024-04-27 21:50:59
2079,156,170,2024-04-27 22:05:26
2083,15,194,2024-04-28 07:45:41
2084,1060,194,2024-04-28 07:46:00
2085,1059,194,2024-04-28 07:46:13
2087,1056,194,2024-04-28 07:46:33
2088,1054,194,2024-04-28 07:46:44
2089,1053,194,2024-04-28 07:46:49
2090,1033,194,2024-04-28 07:47:07
2091,1023,194,2024-04-28 07:48:07
2092,1022,194,2024-04-28 07:52:16
2093,983,194,2024-04-28 07:53:11
2094,13,194,2024-04-28 07:54:01
2096,1006,194,2024-04-28 07:54:16
2097,979,194,2024-04-28 07:54:26
2098,38,194,2024-04-28 07:54:39
2099,19,194,2024-04-28 07:54:46
2100,558,194,2024-04-28 07:54:55
2101,60,194,2024-04-28 07:55:05
2102,516,194,2024-04-28 07:55:22
2103,16,194,2024-04-28 07:55:31
2104,36,194,2024-04-28 07:55:52
2105,43,194,2024-04-28 07:56:07
2106,150,194,2024-04-28 07:56:17
2107,549,194,2024-04-28 07:56:27
2108,160,194,2024-04-28 07:56:30
2109,158,194,2024-04-28 07:56:55
2110,153,194,2024-04-28 07:57:01
2111,979,197,2024-04-28 08:33:03
2112,978,197,2024-04-28 08:41:29
2138,714,182,2024-04-29 05:53:48
2140,13,192,2024-04-29 06:05:48
2141,13,160,2024-04-29 10:27:09
2142,15,160,2024-04-29 10:27:39
2151,15,167,2024-04-30 11:35:54
2152,13,167,2024-04-30 11:36:22
2158,130,167,2024-04-30 18:09:52
2160,84,167,2024-04-30 18:10:23
2161,362,167,2024-04-30 18:10:35
2162,1006,167,2024-04-30 18:10:45
2163,177,167,2024-04-30 18:11:05
2168,13,47,2024-04-30 23:46:08
2175,130,47,2024-05-02 00:41:13
2176,173,47,2024-05-02 00:42:12
2177,1006,47,2024-05-02 00:42:47
2178,84,47,2024-05-02 00:43:58
2208,1006,155,2024-05-02 17:26:45
2210,362,155,2024-05-02 17:28:42
2222,150,192,2024-05-03 09:10:23
2225,909,199,2024-05-03 10:57:00
2239,1034,192,2024-05-05 15:12:22
2240,626,192,2024-05-05 15:12:55
2241,625,192,2024-05-05 15:12:57
2242,1033,192,2024-05-05 15:13:25
2243,1032,192,2024-05-05 15:13:27
2244,1031,192,2024-05-05 15:13:29
2245,1030,192,2024-05-05 15:13:32
2246,1044,192,2024-05-05 15:13:40
2247,1043,192,2024-05-05 15:13:45
2248,1042,192,2024-05-05 15:13:46
2249,1041,192,2024-05-05 15:13:50
2250,1040,192,2024-05-05 15:13:55
2251,934,192,2024-05-05 15:13:56
2252,932,192,2024-05-05 15:14:13
2253,931,192,2024-05-05 15:14:19
2254,930,192,2024-05-05 15:14:21
2255,832,192,2024-05-05 15:14:25
2256,831,192,2024-05-05 15:14:27
2257,830,192,2024-05-05 15:14:32
2258,829,192,2024-05-05 15:14:33
2259,169,192,2024-05-05 15:15:05
2260,83,192,2024-05-05 15:16:35
2261,1060,192,2024-05-05 15:22:49
2291,876,192,2024-05-07 07:41:49
2292,1063,192,2024-05-07 07:42:11
2301,635,201,2024-05-07 09:52:03
2331,1047,192,2024-05-07 12:16:39
2364,837,192,2024-05-09 04:46:28
2381,708,39,2024-05-09 12:21:05
2383,1070,39,2024-05-09 12:37:51
2385,769,202,2024-05-09 14:16:45
2386,768,202,2024-05-09 14:17:00
2387,766,202,2024-05-09 14:17:39
2388,765,202,2024-05-09 14:17:45
2389,722,202,2024-05-09 14:17:57
2390,721,202,2024-05-09 14:18:17
2391,693,202,2024-05-09 14:19:01
2406,415,203,2024-05-11 02:01:40
2407,52,203,2024-05-11 02:01:47
2408,548,203,2024-05-11 02:02:00
2409,540,203,2024-05-11 02:02:08
2410,549,203,2024-05-11 02:02:26
2411,469,203,2024-05-11 02:02:29
2415,83,167,2024-05-11 07:38:59
2417,175,167,2024-05-11 07:39:21
2418,171,167,2024-05-11 07:39:23
2419,163,167,2024-05-11 07:39:31
2420,1063,167,2024-05-11 07:39:32
2421,979,167,2024-05-11 07:39:35
2422,147,167,2024-05-11 07:39:44
2423,1059,167,2024-05-11 07:40:04
2424,627,167,2024-05-11 07:40:10
2425,549,167,2024-05-11 07:40:12
2426,426,167,2024-05-11 07:40:27
2427,359,167,2024-05-11 07:40:39
2428,100,167,2024-05-11 07:40:40
2438,1071,197,2024-05-11 22:48:44
2439,81,197,2024-05-11 22:49:24
2440,1060,197,2024-05-11 22:49:49
2441,625,197,2024-05-11 22:50:15
2445,1047,204,2024-05-12 12:34:36
2446,163,155,2024-05-12 13:23:19
2447,84,155,2024-05-12 13:23:28
2448,165,155,2024-05-12 13:23:47
2451,977,192,2024-05-12 16:35:28
2460,163,192,2024-05-13 12:00:51
2481,825,192,2024-05-14 05:06:04
2482,1057,192,2024-05-14 05:09:27
2483,1053,192,2024-05-14 05:10:45
2484,171,192,2024-05-14 05:12:13
2510,727,205,2024-05-14 17:54:27
2511,977,205,2024-05-14 17:57:55
2512,1063,205,2024-05-14 17:57:59
2517,887,206,2024-05-15 01:25:58
2518,1066,206,2024-05-15 01:26:27
2525,1073,39,2024-05-15 08:39:46
2655,1055,207,2024-05-15 16:30:07
2656,159,207,2024-05-15 16:30:14
2657,1033,207,2024-05-15 16:31:57
2658,159,208,2024-05-15 16:34:20
2659,1057,208,2024-05-15 16:34:36
2660,1031,208,2024-05-15 16:34:52
2661,1033,208,2024-05-15 16:34:56
2662,1063,208,2024-05-15 16:36:31
2663,1060,208,2024-05-15 16:36:42
2664,1022,208,2024-05-15 16:37:04
2665,163,148,2024-05-15 16:49:59
2667,171,148,2024-05-15 16:50:03
2668,841,148,2024-05-15 16:51:27
2669,33,148,2024-05-15 16:51:51
2679,1059,210,2024-05-15 21:56:20
2680,1032,210,2024-05-15 21:56:28
2681,163,210,2024-05-15 21:56:47
2683,1054,210,2024-05-15 21:58:02
2687,84,192,2024-05-16 06:24:31
2688,1052,211,2024-05-16 11:40:28
2696,928,180,2024-05-17 04:56:33
2697,1063,180,2024-05-17 04:56:38
2698,1073,180,2024-05-17 04:56:46
2699,1066,180,2024-05-17 04:57:22
2700,1065,180,2024-05-17 04:57:25
2701,1064,180,2024-05-17 04:57:26
2702,1062,180,2024-05-17 04:57:27
2703,1059,212,2024-05-17 09:46:36
2704,1056,212,2024-05-17 09:46:39
2705,159,212,2024-05-17 09:47:14
2772,785,213,2024-05-18 00:06:49
2773,159,214,2024-05-18 04:29:40
2774,742,215,2024-05-18 08:30:03
2775,1052,215,2024-05-18 08:30:09
2776,1066,215,2024-05-18 08:30:27
2779,696,216,2024-05-18 13:46:48
2780,697,216,2024-05-18 13:46:49
2781,1007,216,2024-05-18 13:48:48
2782,1063,216,2024-05-18 13:48:52
2783,765,216,2024-05-18 13:49:42
2784,764,216,2024-05-18 13:49:43
2785,762,216,2024-05-18 13:49:46
2786,761,216,2024-05-18 13:49:48
2787,1053,217,2024-05-18 14:40:07
2788,1060,217,2024-05-18 14:40:33
2789,1031,217,2024-05-18 14:41:17
2792,1073,216,2024-05-19 15:56:14
2796,377,159,2024-05-20 08:09:36
2871,173,192,2024-05-20 11:05:55
2872,363,192,2024-05-20 11:05:58
2873,247,192,2024-05-20 11:06:00
2874,362,192,2024-05-20 11:06:02
2875,979,192,2024-05-20 11:06:13
2881,159,218,2024-05-20 12:41:31
2882,1059,218,2024-05-20 12:41:42
2883,1054,218,2024-05-20 12:41:56
2884,1057,218,2024-05-20 12:42:08
2887,1060,219,2024-05-20 16:05:41
3169,785,222,2024-05-22 04:56:52
3170,1063,222,2024-05-22 04:56:58
3233,1063,223,2024-05-22 13:54:47
3234,159,223,2024-05-22 13:54:57
3241,159,224,2024-05-22 23:35:19
3242,1053,224,2024-05-22 23:35:45
3271,1063,225,2024-05-24 07:23:29
3272,815,225,2024-05-24 07:23:36
3273,1060,180,2024-05-24 07:52:57
3274,1059,180,2024-05-24 07:52:58
3276,1057,180,2024-05-24 07:53:02
3277,1056,180,2024-05-24 07:53:03
3278,1055,180,2024-05-24 07:53:04
3279,1054,180,2024-05-24 07:53:06
3280,1053,180,2024-05-24 07:53:08
3281,1033,180,2024-05-24 07:53:10
3282,1032,180,2024-05-24 07:53:12
3283,1031,180,2024-05-24 07:53:13
3284,1030,180,2024-05-24 07:53:16
3298,1026,226,2024-05-24 10:01:18
3299,1000,226,2024-05-24 10:01:33
3300,159,226,2024-05-24 10:01:43
3301,1053,226,2024-05-24 10:02:06
3303,1063,226,2024-05-24 10:02:45
3304,1055,226,2024-05-24 10:02:48
3398,821,152,2024-05-24 13:57:25
3399,820,152,2024-05-24 13:57:27
3400,81,216,2024-05-24 17:25:50
3426,627,190,2024-05-25 02:15:59
3427,770,190,2024-05-25 02:16:01
3428,767,190,2024-05-25 02:16:02
3429,1063,228,2024-05-25 07:25:41
3437,845,152,2024-05-25 17:55:26
3438,822,152,2024-05-25 17:55:29
3440,838,152,2024-05-26 02:24:44
3442,861,152,2024-05-26 02:24:51
3443,844,152,2024-05-26 02:24:53
3444,847,152,2024-05-26 02:24:59
3445,848,152,2024-05-26 02:25:05
3446,842,152,2024-05-26 02:25:12
3447,658,152,2024-05-26 02:25:13
3448,834,152,2024-05-26 02:28:24
3449,634,229,2024-05-26 03:38:03
3456,810,231,2024-05-26 11:27:13
3458,1055,232,2024-05-27 13:44:46
3459,1053,232,2024-05-27 13:44:50
3463,942,152,2024-05-28 01:59:55
3464,13,152,2024-05-28 01:59:55
3465,785,152,2024-05-28 02:00:00
3466,46,152,2024-05-28 02:00:01
3471,213,152,2024-05-29 07:19:24
3472,56,152,2024-05-29 07:19:27
3473,1006,152,2024-05-29 07:19:33
3488,697,197,2024-05-29 11:35:03
3489,696,197,2024-05-29 11:35:05
3491,1017,197,2024-05-29 11:45:40
3512,822,236,2024-05-29 13:12:22
3513,1054,236,2024-05-29 13:12:59
3514,1059,236,2024-05-29 13:15:29
3515,838,236,2024-05-29 13:15:44
3516,1073,237,2024-05-29 14:40:10
3557,379,152,2024-05-30 00:29:11
3558,84,152,2024-05-30 00:29:13
3559,1059,152,2024-05-30 00:29:27
3560,363,152,2024-05-30 00:29:28
3562,780,238,2024-05-30 03:30:58
3563,1025,239,2024-05-30 06:48:43
3564,822,239,2024-05-30 06:49:04
3582,173,152,2024-05-31 14:04:20
3583,1063,194,2024-05-31 16:17:44
3584,1032,194,2024-05-31 16:18:00
3585,1028,194,2024-05-31 16:18:22
3596,177,152,2024-06-01 05:47:05
3597,979,152,2024-06-01 05:47:09
3598,159,240,2024-06-01 14:30:42
3599,560,240,2024-06-01 14:30:44
3603,161,240,2024-06-01 14:47:23
3604,143,240,2024-06-01 14:47:26
3605,151,240,2024-06-01 14:47:28
3606,159,216,2024-06-01 14:59:54
3608,1063,241,2024-06-01 16:56:13
3609,159,241,2024-06-01 16:56:15
3610,560,241,2024-06-01 16:56:24
3611,627,241,2024-06-01 16:56:34
3612,626,241,2024-06-01 16:56:36
3628,151,152,2024-06-02 02:51:53
3629,31,152,2024-06-02 02:51:56
3630,718,242,2024-06-02 05:40:00
3631,1052,242,2024-06-02 05:40:04
3663,159,243,2024-06-02 17:22:23
3664,560,243,2024-06-02 17:22:39
3667,822,47,2024-06-02 19:13:42
3668,847,47,2024-06-02 19:13:58
3669,177,47,2024-06-02 19:14:15
3670,658,47,2024-06-02 19:14:16
3671,979,47,2024-06-02 19:14:52
3672,942,47,2024-06-02 19:14:55
3673,779,47,2024-06-02 19:14:57
3674,1055,244,2024-06-02 21:33:23
3675,1063,244,2024-06-02 21:33:26
3677,549,152,2024-06-03 01:09:16
3678,779,152,2024-06-03 01:09:17
3679,163,152,2024-06-03 01:09:19
3680,992,245,2024-06-03 02:21:04
3681,635,245,2024-06-03 02:21:20
3682,822,243,2024-06-03 09:51:13
3683,847,243,2024-06-03 09:51:17
3684,13,243,2024-06-03 09:51:25
3720,645,187,2024-06-03 12:16:49
3723,549,243,2024-06-03 13:54:31
3724,177,243,2024-06-03 13:54:39
3725,151,243,2024-06-03 13:54:44
3726,84,243,2024-06-03 13:55:02
3727,363,243,2024-06-03 13:55:13
3728,1059,243,2024-06-03 13:55:18
3729,159,246,2024-06-04 02:42:40
3730,1053,246,2024-06-04 02:43:11
3745,1033,247,2024-06-04 08:45:16
3746,1026,247,2024-06-04 08:45:48
3748,847,247,2024-06-04 08:46:09
3749,1031,247,2024-06-04 08:46:16
3757,1062,248,2024-06-04 09:28:07
3758,1064,248,2024-06-04 09:28:37
3759,159,249,2024-06-04 10:17:53
3760,1065,249,2024-06-04 10:18:35
3761,1060,249,2024-06-04 10:18:42
3775,36,152,2024-06-04 16:11:25
3776,38,152,2024-06-04 16:11:25
3777,1064,250,2024-06-04 16:18:26
3778,1054,251,2024-06-04 16:53:27
3779,1032,251,2024-06-04 16:53:30
3780,847,251,2024-06-04 16:53:43
3781,159,252,2024-06-04 18:08:03
3782,56,254,2024-06-04 19:27:42
3783,52,254,2024-06-04 19:27:44
3784,40,254,2024-06-04 19:27:55
3785,49,254,2024-06-04 19:27:56
3786,847,254,2024-06-04 19:28:14
3787,1033,254,2024-06-04 19:28:48
3789,1066,256,2024-06-05 17:17:29
3790,1064,256,2024-06-05 17:17:44
3791,1062,256,2024-06-05 17:17:55
3792,159,257,2024-06-05 17:54:22
3793,1063,257,2024-06-05 17:54:26
3794,1054,257,2024-06-05 17:54:29
3795,1053,257,2024-06-05 17:55:34
3796,1025,257,2024-06-05 17:55:40
3797,1065,258,2024-06-05 20:38:02
3798,1064,258,2024-06-05 20:38:16
3801,426,152,2024-06-06 02:03:53
3802,165,152,2024-06-06 02:03:54
3819,1053,260,2024-06-06 19:12:56
3820,1026,260,2024-06-06 19:13:25
3821,1030,260,2024-06-06 19:13:47
3822,1055,260,2024-06-06 19:14:39
3823,1056,260,2024-06-06 19:14:59
3824,847,260,2024-06-06 19:15:35
3825,1029,260,2024-06-06 19:16:07
3826,512,260,2024-06-06 19:16:15
3827,40,260,2024-06-06 19:16:27
3828,540,260,2024-06-06 19:16:51
3829,822,260,2024-06-06 19:17:21
3830,1063,260,2024-06-06 19:17:30
3831,1054,260,2024-06-06 19:17:34
3833,13,260,2024-06-06 19:18:32
3837,1031,261,2024-06-07 01:33:14
3838,847,261,2024-06-07 01:33:47
3839,822,261,2024-06-07 01:34:14
3840,1063,261,2024-06-07 01:34:18
3841,1066,258,2024-06-07 01:47:41
3842,1055,258,2024-06-07 01:48:39
3843,1062,258,2024-06-07 01:48:59
3844,159,262,2024-06-07 06:39:20
3846,1054,262,2024-06-07 06:40:23
3847,1056,262,2024-06-07 06:40:29
3852,1053,263,2024-06-07 12:01:02
3853,1031,263,2024-06-07 12:01:13
3854,847,263,2024-06-07 12:01:44
3855,621,263,2024-06-07 12:02:24
3856,631,263,2024-06-07 12:03:00
3857,822,263,2024-06-07 12:04:00
3858,1055,263,2024-06-07 12:04:34
3859,13,263,2024-06-07 12:04:49
3860,1032,263,2024-06-07 12:04:53
3862,1059,263,2024-06-07 12:05:21
3863,1057,263,2024-06-07 12:05:36
3867,1054,263,2024-06-07 12:08:11
3868,1062,265,2024-06-07 15:53:47
3879,1066,267,2024-06-07 21:35:09
3880,1057,268,2024-06-08 01:46:46
3881,1054,268,2024-06-08 01:46:51
3882,1031,268,2024-06-08 01:46:55
3883,159,269,2024-06-08 02:19:31
3884,1063,269,2024-06-08 02:19:37
3885,1060,269,2024-06-08 02:19:45
3886,1056,269,2024-06-08 02:20:06
3887,1031,269,2024-06-08 02:20:38
3888,635,270,2024-06-08 05:49:40
3889,1062,267,2024-06-08 08:06:54
3890,724,152,2024-06-08 08:52:41
3891,43,152,2024-06-08 08:52:42
3893,1066,271,2024-06-08 17:05:46
3894,1064,271,2024-06-08 17:05:49
3899,1062,272,2024-06-08 19:28:22
3908,1064,267,2024-06-08 21:41:18
3909,150,152,2024-06-09 02:16:02
3910,1063,152,2024-06-09 02:16:03
3928,707,151,2024-06-09 03:21:58
3929,706,151,2024-06-09 03:22:01
3931,1062,276,2024-06-09 03:27:28
3932,1064,276,2024-06-09 03:27:30
3934,159,279,2024-06-09 10:29:20
3935,1025,279,2024-06-09 10:29:51
3936,1030,279,2024-06-09 10:30:00
3937,1032,279,2024-06-09 10:30:03
3938,847,279,2024-06-09 10:30:30
3942,1062,280,2024-06-09 13:48:36
3947,1064,282,2024-06-09 15:52:58
3948,1065,282,2024-06-09 15:54:08
3949,1066,282,2024-06-09 15:54:26
3950,1062,282,2024-06-09 15:54:40
3970,797,243,2024-06-10 11:27:25
3971,100,152,2024-06-10 15:08:06
3972,782,152,2024-06-10 15:08:07
3973,770,152,2024-06-10 15:08:08
3978,1062,285,2024-06-10 15:17:49
4000,1064,288,2024-06-10 22:25:24
4001,1062,288,2024-06-10 22:26:00
4002,780,197,2024-06-11 06:07:56
4003,779,197,2024-06-11 06:07:58
4004,143,289,2024-06-11 06:54:14
4005,151,289,2024-06-11 06:54:15
4006,33,289,2024-06-11 06:54:47
4007,415,289,2024-06-11 06:54:48
4008,540,289,2024-06-11 06:54:49
4009,86,289,2024-06-11 06:54:51
4010,512,289,2024-06-11 06:54:55
4011,40,289,2024-06-11 06:54:57
4015,1066,291,2024-06-11 09:11:17
4016,1054,292,2024-06-11 12:19:38
4017,847,292,2024-06-11 12:20:05
4025,1062,286,2024-06-11 15:02:03
4036,159,295,2024-06-11 16:48:14
4039,767,152,2024-06-12 02:58:28
4040,362,152,2024-06-12 02:58:29
4054,1065,298,2024-06-12 13:35:16
4062,1066,299,2024-06-12 15:23:11
4065,1066,300,2024-06-12 21:24:57
4066,1065,300,2024-06-12 21:25:24
4067,1064,300,2024-06-12 21:25:25
4068,1062,300,2024-06-12 21:25:26
4069,540,152,2024-06-13 02:14:39
4070,638,152,2024-06-13 02:14:42
4072,1065,301,2024-06-13 09:13:25
4073,1064,301,2024-06-13 09:13:51
4085,1062,302,2024-06-13 09:33:01
4086,1064,302,2024-06-13 09:33:03
4087,1065,302,2024-06-13 09:33:04
4088,1066,302,2024-06-13 09:33:29
4108,1064,304,2024-06-13 11:53:27
4109,1065,304,2024-06-13 11:54:00
4110,1066,304,2024-06-13 11:54:02
4111,631,304,2024-06-13 11:54:34
4112,1062,304,2024-06-13 11:55:41
4113,1060,304,2024-06-13 11:57:31
4114,1055,305,2024-06-13 12:14:13
4115,1057,305,2024-06-13 12:14:31
4116,1056,305,2024-06-13 12:14:36
4118,1064,306,2024-06-13 18:46:30
4119,1064,307,2024-06-13 22:52:27
4120,1066,307,2024-06-13 22:57:25
4124,1065,308,2024-06-14 08:11:23
4129,994,192,2024-06-14 13:38:38
4132,1032,310,2024-06-14 14:36:45
4133,1055,310,2024-06-14 14:36:50
4134,1030,310,2024-06-14 14:37:10
4135,1053,310,2024-06-14 14:37:12
4141,1066,313,2024-06-14 16:18:28
4146,1065,316,2024-06-15 04:15:26
4148,1062,316,2024-06-15 04:16:22
4159,841,152,2024-06-15 08:04:54
4160,44,152,2024-06-15 08:05:05
4161,1066,318,2024-06-15 08:46:09
4162,1062,318,2024-06-15 08:49:09
4163,1064,318,2024-06-15 08:54:13
4164,1065,318,2024-06-15 08:55:02
4165,1064,319,2024-06-15 13:36:57
4166,1062,319,2024-06-15 13:37:06
4167,1065,319,2024-06-15 13:38:41
4168,159,320,2024-06-15 14:42:06
4199,1064,325,2024-06-16 03:02:46
4200,1064,316,2024-06-16 03:15:40
4201,1066,327,2024-06-16 05:34:42
4202,1065,327,2024-06-16 05:34:52
4207,1062,325,2024-06-16 09:43:21
4210,1065,325,2024-06-16 10:28:44
4211,1066,325,2024-06-16 10:33:10
4215,780,152,2024-06-16 16:38:08
4216,83,152,2024-06-16 16:38:19
4230,159,332,2024-06-16 19:27:15
4231,1056,332,2024-06-16 19:27:26
4232,44,332,2024-06-16 19:27:50
4233,625,332,2024-06-16 19:28:15
4234,1064,333,2024-06-16 20:41:07
4240,837,152,2024-06-17 01:46:18
4242,159,334,2024-06-17 04:28:35
4244,1057,334,2024-06-17 04:29:19
4245,1031,334,2024-06-17 04:29:29
4246,159,335,2024-06-17 07:39:56
4253,1065,338,2024-06-17 09:29:09
4254,1062,338,2024-06-17 09:31:54
4255,1064,338,2024-06-17 09:32:44
4256,1066,338,2024-06-17 09:33:26
4261,1060,339,2024-06-17 10:38:40
4262,625,339,2024-06-17 10:38:55
4265,1064,340,2024-06-17 13:35:07
4266,1062,340,2024-06-17 15:18:47
4267,159,344,2024-06-17 16:10:14
4268,33,345,2024-06-17 16:16:06
4269,415,345,2024-06-17 16:16:07
4270,159,352,2024-06-17 16:19:39
4271,159,353,2024-06-17 16:22:27
4272,560,353,2024-06-17 16:22:29
4273,161,353,2024-06-17 16:22:30
4274,151,357,2024-06-17 16:24:56
4275,159,355,2024-06-17 16:26:15
4276,560,355,2024-06-17 16:26:21
4277,161,355,2024-06-17 16:26:22
4278,143,355,2024-06-17 16:26:26
4279,151,355,2024-06-17 16:26:27
4280,33,355,2024-06-17 16:26:30
4281,415,355,2024-06-17 16:26:31
4282,540,355,2024-06-17 16:26:47
4283,560,357,2024-06-17 16:27:00
4284,415,358,2024-06-17 16:27:06
4285,540,358,2024-06-17 16:27:09
4286,159,359,2024-06-17 16:27:57
4287,560,359,2024-06-17 16:27:58
4288,161,359,2024-06-17 16:27:59
4289,143,359,2024-06-17 16:28:00
4290,33,360,2024-06-17 16:29:16
4291,560,362,2024-06-17 16:32:56
4292,159,361,2024-06-17 16:33:18
4293,44,348,2024-06-17 16:35:31
4294,44,361,2024-06-17 16:35:31
4295,13,348,2024-06-17 16:35:41
4296,173,348,2024-06-17 16:35:42
4297,549,348,2024-06-17 16:35:45
4298,13,361,2024-06-17 16:35:57
4299,44,352,2024-06-17 16:36:41
4300,173,361,2024-06-17 16:36:45
4301,13,352,2024-06-17 16:38:21
4302,143,365,2024-06-17 16:45:25
4303,159,368,2024-06-17 16:48:46
4304,560,368,2024-06-17 16:49:28
4305,161,368,2024-06-17 16:49:41
4306,143,368,2024-06-17 16:49:42
4307,151,368,2024-06-17 16:49:42
4308,159,370,2024-06-17 16:50:02
4309,560,370,2024-06-17 16:50:07
